Model,MSE,Direction_Accuracy
ARIMA,0.00015798076556304755,0.49769820971867007
Regime-Aware,0.00014889246781972024,0.5357471617060447
